Date,Value
2015-08-08,1.19999000000000
2015-08-09,1.19999000000000
2015-08-10,1.19999000000000
2015-08-11,0.99000000000000
2015-08-12,1.28800000000000
2015-08-13,1.88480000000000
2015-08-14,1.79504416247808
2015-08-15,1.78222244301578
2015-08-16,1.53307377556984
2015-08-17,1.29638000000000
2015-08-18,1.08418656925774
2015-08-19,1.24000000000000
2015-08-20,1.52180000000000
2015-08-21,1.43588000000000
2015-08-22,1.40000000000000
2015-08-23,1.35000000000000
2015-08-24,1.23804000000000
2015-08-25,1.27119000000000
2015-08-26,1.18000000000000
2015-08-27,1.13646000000000
2015-08-28,1.29500000000000
2015-08-29,1.17900000000000
2015-08-30,1.32000000000000
2015-08-31,1.30651000000000
2015-09-01,1.36000000000000
2015-09-02,1.30828087083577
2015-09-03,1.23357000000000
2015-09-04,1.23357000000000
2015-09-05,1.36287107188779
2015-09-06,1.34000000000000
2015-09-07,1.27561000000000
2015-09-08,1.26349378725891
2015-09-09,1.21000000000000
2015-09-10,1.18570000000000
2015-09-11,0.92771570835769
2015-09-12,1.14639000000000
2015-09-13,0.88557000000000
2015-09-14,0.95500000000000
2015-09-15,0.95000000000000
2015-09-16,0.93634000000000
2015-09-17,0.87500000000000
2015-09-18,0.85226000000000
2015-09-19,0.88368947983635
2015-09-20,0.94116000000000
2015-09-21,0.94116000000000
2015-09-22,0.80588000000000
2015-09-23,0.91000000000000
2015-09-24,0.80000000000000
2015-09-25,0.68233000000000
2015-09-26,0.77032000000000
2015-09-27,0.70076990531853
2015-09-28,0.60420806545880
2015-09-29,0.68163000000000
2015-09-30,0.71364431385155
2015-10-01,0.65472255523086
2015-10-02,0.66467000000000
2015-10-03,0.67960000000000
2015-10-04,0.60954000000000
2015-10-05,0.60777000000000
2015-10-06,0.65114000000000
2015-10-07,0.60000000000000
2015-10-08,0.63379884102864
2015-10-09,0.63519084745763
2015-10-10,0.63519084745763
2015-10-11,0.59931000000000
2015-10-12,0.63000000000000
2015-10-13,0.60163934365868
2015-10-14,0.48323630216248
2015-10-15,0.55986198597312
2015-10-16,0.52500000000000
2015-10-17,0.52299000000000
2015-10-18,0.50500000000000
2015-10-19,0.49947972530684
2015-10-20,0.44003471654004
2015-10-21,0.42000000000000
2015-10-22,0.54618351373466
2015-10-23,0.56491000000000
2015-10-24,0.55606000000000
2015-10-25,0.62436485797779
2015-10-26,0.70051954412624
2015-10-27,0.83000000000000
2015-10-28,0.99000000000000
2015-10-29,1.17940672121566
2015-10-30,1.12067336586791
2015-10-31,0.88934257159556
2015-11-01,0.99000000000000
2015-11-02,0.98780000000000
2015-11-03,1.04736265341905
2015-11-04,0.79900000000000
2015-11-05,0.87638000000000
2015-11-06,0.95965283459965
2015-11-07,0.91185019286967
2015-11-08,1.00000000000000
2015-11-09,0.99800000000000
2015-11-10,0.90191466978375
2015-11-11,0.75004734073641
2015-11-12,0.88000000000000
2015-11-13,0.89998421975453
2015-11-14,0.88000000000000
2015-11-15,0.91000000000000
2015-11-16,0.91442723553478
2015-11-17,0.99928462887201
2015-11-18,0.99675360724722
2015-11-19,0.94000000000000
2015-11-20,0.92000000000000
2015-11-21,0.96000000000000
2015-11-22,0.97000000000000
2015-11-23,0.92000000000000
2015-11-24,0.91001478199883
2015-11-25,0.87000000000000
2015-11-26,0.85883271946230
2015-11-27,0.88000000000000
2015-11-28,0.90755778609001
2015-11-29,0.87000000000000
2015-11-30,0.88000000000000
2015-12-01,0.86329339567504
2015-12-02,0.82000000000000
2015-12-03,0.83000000000000
2015-12-04,0.84000000000000
2015-12-05,0.86993000000000
2015-12-06,0.82499000000000
2015-12-07,0.78994398012858
2015-12-08,0.79461000000000
2015-12-09,0.80511000000000
2015-12-10,0.84374000000000
2015-12-11,0.89980010520164
2015-12-12,0.96000000000000
2015-12-13,0.91994000000000
2015-12-14,0.99000000000000
2015-12-15,1.00000000000000
2015-12-16,0.86710000000000
2015-12-17,0.94000000000000
2015-12-18,0.90000000000000
2015-12-19,0.89352094447691
2015-12-20,0.96000000000000
2015-12-21,0.91000000000000
2015-12-22,0.88000000000000
2015-12-23,0.87093000000000
2015-12-24,0.87000000000000
2015-12-25,0.86592490473407
2015-12-26,0.85300000000000
2015-12-27,0.86893000000000
2015-12-28,0.84244593804793
2015-12-29,0.86000000000000
2015-12-30,0.89651551724138
2015-12-31,0.94884000000000
2016-01-01,0.92037000000000
2016-01-02,0.94999000000000
2016-01-03,0.95706292811222
2016-01-04,0.95000000000000
2016-01-05,0.94260000000000
2016-01-06,0.95000000000000
2016-01-07,0.93994748334307
2016-01-08,0.98500000000000
2016-01-09,0.96991004558738
2016-01-10,1.00000000000000
2016-01-11,1.07090673290473
2016-01-12,1.17745000000000
2016-01-13,1.13743000000000
2016-01-14,1.16592069608416
2016-01-15,1.29089104734074
2016-01-16,1.21179000000000
2016-01-17,1.31093687901812
2016-01-18,1.46624418176505
2016-01-19,1.35304659848042
2016-01-20,1.45662153009936
2016-01-21,1.49593000000000
2016-01-22,1.52000000000000
2016-01-23,2.01225053594389
2016-01-24,2.10138478492110
2016-01-25,2.53372158971362
2016-01-26,2.38058670368206
2016-01-27,2.40130981823495
2016-01-28,2.54645331911163
2016-01-29,2.48763545119813
2016-01-30,2.44067000000000
2016-01-31,2.24267177966102
2016-02-01,2.16739736703682
2016-02-02,2.44653000000000
2016-02-03,2.53000000000000
2016-02-04,2.55007000000000
2016-02-05,2.56451000000000
2016-02-06,2.54902000000000
2016-02-07,2.89807110052601
2016-02-08,3.18377219345412
2016-02-09,3.89347676504968
2016-02-10,4.37768284453536
2016-02-11,5.87194032261835
2016-02-12,5.47040384395091
2016-02-13,5.21879062419638
2016-02-14,5.15584398305085
2016-02-15,5.15268737580363
2016-02-16,4.26236679544126
2016-02-17,3.81098028872005
2016-02-18,4.36682773582700
2016-02-19,4.58564058328463
2016-02-20,4.35048920105202
2016-02-21,4.62442860549386
2016-02-22,5.59370853594389
2016-02-23,5.60993619696084
2016-02-24,6.23428100935126
2016-02-25,6.07227434482759
2016-02-26,5.87555043717125
2016-02-27,6.31073388778492
2016-02-28,6.49883606838106
2016-02-29,6.33325343074226
2016-03-01,7.52637569959088
2016-03-02,8.51878790765634
2016-03-03,9.28491024430157
2016-03-04,9.97869814319112
2016-03-05,10.75100627586210
2016-03-06,10.98440672092340
2016-03-07,9.47688401578024
2016-03-08,9.77284962770310
2016-03-09,11.81709865166570
2016-03-10,11.16565112331970
2016-03-11,11.12290539684400
2016-03-12,13.28365881823500
2016-03-13,14.34005448626530
2016-03-14,12.31138584921100
2016-03-15,13.04229902220920
2016-03-16,12.70282095149040
2016-03-17,11.05033061075390
2016-03-18,10.84613984687320
2016-03-19,10.50163305902980
2016-03-20,10.24057178784340
2016-03-21,11.83476552337810
2016-03-22,11.29600894038570
2016-03-23,12.40522756516660
2016-03-24,11.16782094330800
2016-03-25,10.65611212741090
2016-03-26,11.00213229456460
2016-03-27,10.38643970718880
2016-03-28,11.65682227527760
2016-03-29,11.68895052133260
2016-03-30,11.86625809760370
2016-03-31,11.38050200058450
2016-04-01,11.63468256575100
2016-04-02,11.62532647574520
2016-04-03,11.60973993629460
2016-04-04,11.12544643483340
2016-04-05,10.43644488778490
2016-04-06,10.72407407948570
2016-04-07,10.09231544126240
2016-04-08,9.71449246171829
2016-04-09,9.10883037872589
2016-04-10,8.87182292402104
2016-04-11,8.69525671537113
2016-04-12,7.49496417358270
2016-04-13,8.04542446054939
2016-04-14,8.45583827527761
2016-04-15,8.21057201344243
2016-04-16,8.57401139099942
2016-04-17,9.33850245178258
2016-04-18,8.98708852425482
2016-04-19,8.74754864932788
2016-04-20,8.50508721332554
2016-04-21,8.15181716540035
2016-04-22,7.90673911747516
2016-04-23,8.41247736469901
2016-04-24,8.00785114552893
2016-04-25,7.51964895265927
2016-04-26,7.43243647223846
2016-04-27,7.79292508533022
2016-04-28,7.25401684395091
2016-04-29,7.44984087551140
2016-04-30,8.81711589421391
2016-05-01,8.77974883343074
2016-05-02,10.07125278316770
2016-05-03,9.36254626475746
2016-05-04,9.37736405669199
2016-05-05,9.76751992986558
2016-05-06,9.37613761835184
2016-05-07,9.38955362945646
2016-05-08,9.50255639976622
2016-05-09,9.35556831794272
2016-05-10,9.39206859146698
2016-05-11,9.93194304792519
2016-05-12,10.08661006370540
2016-05-13,10.60198706428990
2016-05-14,10.23169773465810
2016-05-15,9.98070815254237
2016-05-16,11.11417693687900
2016-05-17,12.18612968731740
2016-05-18,13.36694917942720
2016-05-19,14.49554690531850
2016-05-20,13.65531946931620
2016-05-21,14.00697616481590
2016-05-22,14.22510075920510
2016-05-23,13.33805352308590
2016-05-24,12.75345790999420
2016-05-25,12.52300161659850
2016-05-26,12.52695202220920
2016-05-27,11.20723461718290
2016-05-28,11.87413580888370
2016-05-29,12.38200896259500
2016-05-30,12.68085955230860
2016-05-31,14.04674173699590
2016-06-01,13.91321921157220
2016-06-02,13.82794252016360
2016-06-03,13.89057349386320
2016-06-04,13.72400736411460
2016-06-05,13.93269087375800
2016-06-06,13.99154092226770
2016-06-07,14.53642036353010
2016-06-08,14.50367023787260
2016-06-09,14.47920547282290
2016-06-10,13.94947895908830
2016-06-11,14.22958047925190
2016-06-12,15.77416001578020
2016-06-13,17.67302421361780
2016-06-14,18.73749357568670
2016-06-15,18.40932921274110
2016-06-16,20.72886637375800
2016-06-17,15.45451762653420
2016-06-18,11.25958618585620
2016-06-19,12.31845337492690
2016-06-20,11.69314813676210
2016-06-21,13.05073803448280
2016-06-22,13.22615496025720
2016-06-23,13.79821217124490
2016-06-24,14.38460630566920
2016-06-25,14.34895489947400
2016-06-26,13.85083645762710
2016-06-27,14.06920940970190
2016-06-28,12.18804330976040
2016-06-29,12.71232855055520
2016-06-30,12.45677609234370
2016-07-01,12.27652636937460
2016-07-02,12.11150574751610
2016-07-03,11.80824370485100
2016-07-04,11.41856441905320
2016-07-05,10.51968501402690
2016-07-06,10.55904823027470
2016-07-07,10.11325619929870
2016-07-08,11.34970977381650
2016-07-09,10.95297403506720
2016-07-10,10.96154541203970
2016-07-11,10.56650380946810
2016-07-12,10.55334833430740
2016-07-13,10.44727256224430
2016-07-14,11.53636972530680
2016-07-15,11.99350556808880
2016-07-16,11.71866587901810
2016-07-17,11.25668930157800
2016-07-18,11.08267700642900
2016-07-19,11.67562511396840
2016-07-20,12.50351006721220
2016-07-21,12.74559164231440
2016-07-22,14.82488289304500
2016-07-23,14.44445659906490
2016-07-24,12.72063053389830
2016-07-25,13.84029494564580
2016-07-26,11.96328493892460
2016-07-27,13.06156389012270
2016-07-28,12.88820315604910
2016-07-29,12.87801282115720
2016-07-30,12.51876065751020
2016-07-31,11.94611594155460
2016-08-01,11.00702945178260
2016-08-02,8.35610662244301
2016-08-03,10.54202449035650
2016-08-04,11.26047174079490
2016-08-05,11.16655371595560
2016-08-06,10.99011148801870
2016-08-07,11.02330067562830
2016-08-08,11.30988489246050
2016-08-09,12.30707384570430
2016-08-10,12.09459738398600
2016-08-11,11.70536060783170
2016-08-12,11.79803668673290
2016-08-13,11.57711733138520
2016-08-14,11.26058883576860
2016-08-15,11.15949327878430
2016-08-16,11.15993750496790
2016-08-17,10.80133834482760
2016-08-18,10.75699655172410
2016-08-19,10.74631385154880
2016-08-20,11.29545667796610
2016-08-21,11.16155029690240
2016-08-22,11.08714304500290
2016-08-23,10.99880150204560
2016-08-24,11.01608796025720
2016-08-25,11.33890936995910
2016-08-26,11.27947022793690
2016-08-27,11.18379175569840
2016-08-28,11.00711414319110
2016-08-29,10.95814549970780
2016-08-30,11.25098615429570
2016-08-31,11.60652581297490
2016-09-01,12.11575115254240
2016-09-02,12.14188574576270
2016-09-03,11.89446262419640
2016-09-04,11.75170669433080
2016-09-05,11.77405707247220
2016-09-06,11.72588688836940
2016-09-07,11.58640094067800
2016-09-08,11.41000411747520
2016-09-09,11.66033260666280
2016-09-10,12.15128414962010
2016-09-11,11.66256645645820
2016-09-12,11.90292442314440
2016-09-13,11.93589374634720
2016-09-14,11.92193268439510
2016-09-15,11.97704124722380
2016-09-16,12.60655409234370
2016-09-17,12.80976952074810
2016-09-18,12.44342862711860
2016-09-19,13.02778809935710
2016-09-20,14.71652465108120
2016-09-21,13.77039791700760
2016-09-22,13.19667708942140
2016-09-23,13.36952722384570
2016-09-24,12.96137445938050
2016-09-25,13.08554991233200
2016-09-26,12.86214591759200
2016-09-27,13.09809112098190
2016-09-28,13.31834110929280
2016-09-29,13.13349602571600
2016-09-30,13.25969776037410
2016-10-01,13.23741488953830
2016-10-02,13.28397136177670
2016-10-03,13.50053056984220
2016-10-04,13.32603608416130
2016-10-05,13.08346682174170
2016-10-06,12.87298188194040
2016-10-07,12.69044817533610
2016-10-08,12.24350363646990
2016-10-09,12.08578725891290
2016-10-10,11.77324821274110
2016-10-11,11.76477825073060
2016-10-12,11.82660739216830
2016-10-13,11.95856936060780
2016-10-14,11.90498188194040
2016-10-15,11.95711925774400
2016-10-16,11.96180171128000
2016-10-17,11.96892109877270
2016-10-18,12.55007315955580
2016-10-19,11.99250575394510
2016-10-20,12.06247161016950
2016-10-21,12.08190853302160
2016-10-22,12.04385858503800
2016-10-23,11.95701445762710
2016-10-24,11.92644316189360
2016-10-25,11.32664410461720
2016-10-26,11.49404798363530
2016-10-27,11.47589685914670
2016-10-28,11.12836086499120
2016-10-29,10.41333963822330
2016-10-30,11.23650864640560
2016-10-31,10.97698262887200
2016-11-01,10.80720255873760
2016-11-02,10.83408092518990
2016-11-03,10.86886094506140
2016-11-04,11.15419808240790
2016-11-05,11.14252308357690
2016-11-06,10.99391361776740
2016-11-07,10.91568668614850
2016-11-08,10.85880943892460
2016-11-09,10.65746664757450
2016-11-10,10.52041149561660
2016-11-11,10.29005445236700
2016-11-12,9.88841032670953
2016-11-13,10.11767673874930
2016-11-14,10.01722835710110
2016-11-15,10.24172777030980
2016-11-16,10.02258258328460
2016-11-17,9.93872796025716
2016-11-18,9.51819493395675
2016-11-19,9.70048586791350
2016-11-20,9.58891222559906
2016-11-21,9.53756317708942
2016-11-22,9.85380703156049
2016-11-23,9.79015008942139
2016-11-24,9.22138124488603
2016-11-25,9.41386307305669
2016-11-26,9.31205627118644
2016-11-27,8.91463851198129
2016-11-28,8.68169444944477
2016-11-29,8.16833660783168
2016-11-30,8.60721732904734
2016-12-01,8.45638715955582
2016-12-02,7.67124288720047
2016-12-03,7.89398178550555
2016-12-04,7.47449172238457
2016-12-05,6.73351910169491
2016-12-06,7.77700342898890
2016-12-07,8.35538933781414
2016-12-08,8.26426946493279
2016-12-09,8.49242592811222
2016-12-10,8.12186280713033
2016-12-11,8.22969874459380
2016-12-12,8.52116493980129
2016-12-13,8.41006104558737
2016-12-14,8.23989368556400
2016-12-15,7.81254800701344
2016-12-16,7.85750819871420
2016-12-17,7.79680409760374
2016-12-18,7.90739229719462
2016-12-19,7.60991483635301
2016-12-20,7.62558996580947
2016-12-21,7.88992567153711
2016-12-22,7.58389207481006
2016-12-23,7.16697962127411
2016-12-24,7.24266080187025
2016-12-25,7.20134819403857
2016-12-26,7.24033197545295
2016-12-27,7.15374168614845
2016-12-28,7.62361589012274
2016-12-29,8.30259408708358
2016-12-30,8.21893582700175
2016-12-31,8.12632962185856
2017-01-01,8.17785176797195
2017-01-02,8.37845648684980
2017-01-03,9.69747177030976
2017-01-04,11.06863239099940
2017-01-05,10.22479391145530
2017-01-06,10.12583201694920
2017-01-07,9.92474459380479
2017-01-08,10.43859732904730
2017-01-09,10.36482856516660
2017-01-10,10.62836721215660
2017-01-11,9.97243464874343
2017-01-12,9.77226410344828
2017-01-13,9.81302504967855
2017-01-14,9.77886792986558
2017-01-15,9.87137750146113
2017-01-16,9.61363526943308
2017-01-17,10.24363927352430
2017-01-18,10.24175764056110
2017-01-19,10.43457459263590
2017-01-20,10.65083345178260
2017-01-21,10.96216382232610
2017-01-22,10.70409294272360
2017-01-23,10.79881083576860
2017-01-24,10.54599320748100
2017-01-25,10.51334966686150
2017-01-26,10.62586501402690
2017-01-27,10.53412347983640
2017-01-28,10.56387358270020
2017-01-29,10.49499526592640
2017-01-30,10.57934079661020
2017-01-31,10.70609019871420
2017-02-01,10.72281056691990
2017-02-02,10.82796256458210
2017-02-03,10.95710675978960
2017-02-04,11.39597692577440
2017-02-05,11.24443009760370
2017-02-06,11.33666011630630
2017-02-07,11.48690030859150
2017-02-08,11.40079322618350
2017-02-09,10.98989481297490
2017-02-10,11.37336879193450
2017-02-11,11.48352598480420
2017-02-12,11.46373796376390
2017-02-13,11.38886218585620
2017-02-14,13.09409655639980
2017-02-15,13.01426651081240
2017-02-16,12.88548198772650
2017-02-17,12.77423259789600
2017-02-18,12.89827521917010
2017-02-19,12.86141335534780
2017-02-20,12.70234358153130
2017-02-21,12.81274392051430
2017-02-22,12.73486059555820
2017-02-23,13.25324270017530
2017-02-24,13.17756990064290
2017-02-25,13.64543016656930
2017-02-26,14.65900730917590
2017-02-27,15.65684233021620
2017-02-28,15.65335473933370
2017-03-01,17.26568435476330
2017-03-02,19.20456120748100
2017-03-03,19.65470318585620
2017-03-04,18.68422488836940
2017-03-05,19.30111122443020
2017-03-06,19.73103375686730
2017-03-07,18.83910784336650
2017-03-08,16.67782017767390
2017-03-09,17.79808750905900
2017-03-10,19.18094200467560
2017-03-11,21.44621624780830
2017-03-12,23.21961882817070
2017-03-13,28.54481372706020
2017-03-14,28.57624554821740
2017-03-15,34.67317200584450
2017-03-16,44.77658937580360
2017-03-17,44.12784529514900
2017-03-18,32.24166539099940
2017-03-19,43.34329766686150
2017-03-20,41.82704329281120
2017-03-21,42.39891904617180
2017-03-22,41.19906311864410
2017-03-23,43.14097574868500
2017-03-24,52.98808170660430
2017-03-25,50.15731116306250
2017-03-26,50.38064276680300
2017-03-27,48.84076556224430
2017-03-28,50.21658262068970
2017-03-29,52.95493530742260
2017-03-30,51.83798558211570
2017-03-31,50.03191671537110
2017-04-01,50.68561014260670
2017-04-02,48.79426222326130
2017-04-03,44.12420267445940
2017-04-04,44.23347055756870
2017-04-05,45.34595289947400
2017-04-06,43.23082264114550
2017-04-07,42.43138129748690
2017-04-08,44.62471990882530
2017-04-09,43.92107332670950
2017-04-10,43.98673917592050
2017-04-11,43.90880745821160
2017-04-12,46.35684535184100
2017-04-13,49.91329525745180
2017-04-14,47.10977397954410
2017-04-15,49.12345060724720
2017-04-16,48.17713194623030
2017-04-17,47.84908431326710
2017-04-18,49.89124251081240
2017-04-19,48.06689746668620
2017-04-20,49.34414597311510
2017-04-21,48.54415025949740
2017-04-22,48.61265653769730
2017-04-23,48.87079303798950
2017-04-24,50.10525821274110
2017-04-25,50.29492343366450
2017-04-26,53.50682680070140
2017-04-27,63.38397374167150
2017-04-28,73.28969608416130
2017-04-29,70.47834513909990
2017-04-30,80.50402758620690
2017-05-01,78.36565992694330
2017-05-02,77.65780771478670
2017-05-03,81.15505074868500
2017-05-04,95.44619799707770
2017-05-05,91.26194771449450
2017-05-06,95.52021344476910
2017-05-07,76.63553116335480
2017-05-08,89.39672222443010
2017-05-09,86.21678801811810
2017-05-10,88.04937332670960
2017-05-11,88.23983707247220
2017-05-12,85.48507316364700
2017-05-13,88.28327491233190
2017-05-14,89.48000166919930
2017-05-15,90.85140181765050
2017-05-16,88.25827288252480
2017-05-17,86.83205635417890
2017-05-18,95.83543393045000
2017-05-19,124.60819642898900
2017-05-20,124.62077775686700
2017-05-21,147.73176271186400
2017-05-22,153.63485777557000
2017-05-23,169.07641210052600
2017-05-24,191.87466892051400
2017-05-25,180.69129600233800
2017-05-26,164.60314556692000
2017-05-27,155.72604947107000
2017-05-28,173.21673445002900
2017-05-29,193.88114041350100
2017-05-30,228.07370662419600
2017-05-31,229.10265164640600
2017-06-01,220.98628565458800
2017-06-02,221.46707421566300
2017-06-03,224.30738963237900
2017-06-04,245.46870009292800
2017-06-05,248.05642671128000
2017-06-06,264.40423556224400
2017-06-07,256.98187622559900
2017-06-08,258.37280814494400
2017-06-09,278.42898715838700
2017-06-10,344.95198714202200
2017-06-11,344.02690999415500
2017-06-12,389.19372150789000
2017-06-13,387.25153943834000
2017-06-14,341.44663686937500
2017-06-15,342.11933779544100
2017-06-16,352.62973230011700
2017-06-17,368.03726914436000
2017-06-18,350.53446308649900
2017-06-19,357.68136164932800
2017-06-20,349.28891350087700
2017-06-21,320.27785903857400
2017-06-22,320.14596317650500
2017-06-23,325.99153627703100
2017-06-24,304.76892781122100
2017-06-25,276.24234510461700
2017-06-26,255.03341429865600
2017-06-27,281.08192129398000
2017-06-28,317.77625840035100
2017-06-29,293.99929041379300
2017-06-30,276.84687846171800
2017-07-01,261.21936204266500
2017-07-02,286.53325666744600
2017-07-03,276.38172771829300
2017-07-04,269.40483474459400
2017-07-05,266.26228155055500
2017-07-06,266.65601306545900
2017-07-07,240.16142185914700
2017-07-08,244.19606926300400
2017-07-09,237.96075477323200
2017-07-10,203.66760539158400
2017-07-11,192.89197271770900
2017-07-12,220.37511483138500
2017-07-13,205.86169111601400
2017-07-14,197.24683492519000
2017-07-15,170.57461988310900
2017-07-16,155.12095854062000
2017-07-17,189.22165870368200
2017-07-18,228.78765892519000
2017-07-19,191.65170593746300
2017-07-20,224.10714417241400
2017-07-21,216.21406337580400
2017-07-22,231.98377479836300
2017-07-23,228.56360299532400
2017-07-24,225.71416305201600
2017-07-25,204.26724649912300
2017-07-26,202.45666774634700
2017-07-27,202.88998441204000
2017-07-28,191.48812404441800
2017-07-29,205.99490794564600
2017-07-30,196.77191515604900
2017-07-31,200.76081960900100
2017-08-01,225.73553469959100
2017-08-02,217.58466414260700
2017-08-03,224.02889829719500
2017-08-04,221.47109421040300
2017-08-05,248.93966613267100
2017-08-06,266.03114593687900
2017-08-07,269.64605384570400
2017-08-08,294.52203551607200
2017-08-09,296.82883502162500
2017-08-10,301.43741118994700
2017-08-11,309.86490252717700
2017-08-12,309.25412124751600
2017-08-13,297.04311033986000
2017-08-14,299.89965557159600
2017-08-15,286.23849111513700
2017-08-16,300.58149559964900
2017-08-17,301.52577884161300
2017-08-18,292.57093025540600
2017-08-19,294.00638161250700
2017-08-20,297.94673043950900
2017-08-21,320.26802093512600
2017-08-22,314.66714035359400
2017-08-23,317.91147610081800
2017-08-24,324.40467851022800
2017-08-25,330.22982594272400
2017-08-26,332.43262039742800
2017-08-27,345.15939454704900
2017-08-28,347.31214893980100
2017-08-29,373.27047371420200
2017-08-30,385.09636265341900
2017-08-31,388.62898310929300
2017-09-01,391.60097703097600
2017-09-02,349.10081724137900
2017-09-03,352.87398889538300
2017-09-04,313.25960964348300
2017-09-05,321.67379970777300
2017-09-06,338.42465108123900
2017-09-07,336.41409906487400
2017-09-08,310.01521244886000
2017-09-09,305.23347369959100
2017-09-10,301.32870543541800
2017-09-11,298.00952191700800
2017-09-12,293.92787112799500
2017-09-13,276.95738457042700
2017-09-14,225.33690794856800
2017-09-15,258.90024780829900
2017-09-16,255.18449561659900
2017-09-17,259.59528492109900
2017-09-18,296.59002980713000
2017-09-19,284.68624050263000
2017-09-20,284.78395002922300
2017-09-21,258.71685534775000
2017-09-22,263.59251928696700
2017-09-23,285.09880274693200
2017-09-24,284.71070660432500
2017-09-25,294.60617913500900
2017-09-26,288.87332349503200
2017-09-27,310.38689070718900
2017-09-28,302.47399970777300
2017-09-29,291.48383489187600
2017-09-30,301.65357481005300
2017-10-01,302.92121537112800
2017-10-02,296.38313120981900
2017-10-03,291.62710198714200
2017-10-04,292.15313120981900
2017-10-05,295.10426592635900
2017-10-06,307.36563383986000
2017-10-07,311.53952776154300
2017-10-08,308.81120777323200
2017-10-09,296.16992226768000
2017-10-10,297.80575540619500
2017-10-11,302.03722559906500
2017-10-12,302.72235797779100
2017-10-13,336.11893541788400
2017-10-14,339.23990590298100
2017-10-15,335.29290677966100
2017-10-16,334.38703506721200
2017-10-17,315.67391028638200
2017-10-18,313.29291963763900
2017-10-19,308.36118936294600
2017-10-20,304.10484395090600
2017-10-21,299.96448918761000
2017-10-22,294.86248334307400
2017-10-23,285.27227440093500
2017-10-24,297.20134511981300
2017-10-25,297.96397457627100
2017-10-26,296.13672618351800
2017-10-27,297.07597983635300
2017-10-28,295.06052425482200
2017-10-29,304.33685680888400
2017-10-30,306.15684687317400
2017-10-31,304.75879018118100
2017-11-01,290.52013120981900
2017-11-02,284.50712741087100
2017-11-03,305.85942402104000
2017-11-04,300.03686002337800
2017-11-05,296.30862741087100
2017-11-06,297.98730946814700
2017-11-07,292.05906838106400
2017-11-08,309.82716569257700
2017-11-09,319.44557685564000
2017-11-10,299.66423436586800
2017-11-11,316.14782612507300
2017-11-12,307.17681823495000
2017-11-13,315.53704032729400
2017-11-14,334.21447895967300
2017-11-15,330.78409380479300
2017-11-16,329.66206049094100
2017-11-17,332.27658883693700
2017-11-18,347.42983635301000
2017-11-19,355.93244535359400
2017-11-20,369.55953360607800
2017-11-21,361.19712653419100
2017-11-22,380.81910724722400
2017-11-23,414.98022121566400
2017-11-24,473.45056545879600
2017-11-25,466.80290473407400
2017-11-26,472.27797545295200
2017-11-27,477.64824663939200
2017-11-28,467.92426972530700
2017-11-29,429.04669053185300
2017-11-30,438.55860023378100
2017-12-01,461.58623232028100
2017-12-02,459.85709585038000
2017-12-03,464.38607276446500
2017-12-04,466.90042840444200
2017-12-05,458.07666540035100
2017-12-06,434.23369871420200
2017-12-07,431.74981706604300
2017-12-08,462.93398568088800
2017-12-09,483.06017884278200
2017-12-10,444.87773699590900
2017-12-11,506.33839333723000
2017-12-12,683.90595616598500
2017-12-13,701.59801899474000
2017-12-14,698.08919754529500
2017-12-15,689.46429018118100
2017-12-16,697.82785651665700
2017-12-17,729.33122472238400
2017-12-18,787.72850409117500
2017-12-19,823.84722559906500
2017-12-20,797.28725073056700
2017-12-21,793.74896902396300
2017-12-22,682.33454587960300
2017-12-23,725.15086002337800
2017-12-24,688.89079368790200
2017-12-25,737.89463325540600
2017-12-26,750.00306516656900
2017-12-27,740.72173348918800
2017-12-28,716.35251227352400
2017-12-29,747.10034132086500
2017-12-30,713.78283255406200
2017-12-31,742.25546493278800
2018-01-01,756.07176563413200
2018-01-02,863.91830771478700
2018-01-03,943.64812624196400
2018-01-04,952.35454354178900
2018-01-05,958.55284628872000
2018-01-06,1006.15747457627000
2018-01-07,1102.88953652835000
2018-01-08,1134.69905990649000
2018-01-09,1288.40687521917000
2018-01-10,1231.76729456458000
2018-01-11,1128.56387580362000
2018-01-12,1257.23113442431000
2018-01-13,1380.14454091175000
2018-01-14,1361.91507568673000
2018-01-15,1281.72139830508000
2018-01-16,1061.18708854471000
2018-01-17,1012.62289070719000
2018-01-18,1018.76687463472000
2018-01-19,1029.93438457043000
2018-01-20,1151.94553243717000
2018-01-21,1039.42323290473000
2018-01-22,992.03743571011100
2018-01-23,985.21276826417300
2018-01-24,1047.12019959088000
2018-01-25,1043.62177206312000
2018-01-26,1040.46817066043000
2018-01-27,1092.76823582700000
2018-01-28,1214.83129924021000
2018-01-29,1162.00829953244000
2018-01-30,1051.93348831093000
2018-01-31,1096.25005698422000
2018-02-01,1019.17100789012000
2018-02-02,912.82092869666800
2018-02-03,960.89382612507300
2018-02-04,836.67245733489200
2018-02-05,692.76282729398000
2018-02-06,789.04302074810100
2018-02-07,754.53657481005300
2018-02-08,808.45063354763300
2018-02-09,873.56737434249000
2018-02-10,850.71484950321400
2018-02-11,814.78327089421400
2018-02-12,867.57244038573900
2018-02-13,840.09078375219200
2018-02-14,920.46368147282300
2018-02-15,929.86921566335500
2018-02-16,939.33945733489200
2018-02-17,975.23180625365300
2018-02-18,915.31090561075400
2018-02-19,937.84018322618400
2018-02-20,885.55314114552900
2018-02-21,840.66704295733500
2018-02-22,807.07689888953800
2018-02-23,855.76719403857400
2018-02-24,834.00284628872000
2018-02-25,842.31172004675600
2018-02-26,865.86303915838700
2018-02-27,875.05298188194100
2018-02-28,851.32364640561100
2018-03-01,869.30226680303900
2018-03-02,855.35285768556400
2018-03-03,854.38756954997100
2018-03-04,861.13072238457000
2018-03-05,851.60875306838100
2018-03-06,812.34619286966700
2018-03-07,751.75423202805400
2018-03-08,699.33742898889500
2018-03-09,725.31090677966100
2018-03-10,684.88058211572200
2018-03-11,718.05468965517200
2018-03-12,696.73923115137400
2018-03-13,689.90210257159600
2018-03-14,612.33263150204600
2018-03-15,611.16627586206900
2018-03-16,604.48430187025100
2018-03-17,550.86500409117500
2018-03-18,538.26132817066000
2018-03-19,550.13821274108700
2018-03-20,555.63666715371100
2018-03-21,557.39783898305100
2018-03-22,539.11404529514900
2018-03-23,537.59285973115100
2018-03-24,525.08240298071300
2018-03-25,522.22280187025100
2018-03-26,489.81760052600800
2018-03-27,450.54959438924600
2018-03-28,445.45808357685600
2018-03-29,385.35647019287000
2018-03-30,392.46712770309800
2018-03-31,394.51237814143800
2018-04-01,378.06609029807100
2018-04-02,383.39769374634700
2018-04-03,415.21492986557600
2018-04-04,378.52987726475700
2018-04-05,382.70079427235500
2018-04-06,369.93675277615400
2018-04-07,384.50724956166000
2018-04-08,399.41555084745800
2018-04-09,396.16539713617800
2018-04-10,413.45269929865600
2018-04-11,429.79742665108100
2018-04-12,493.56520660432500
2018-04-13,496.31774430157800
2018-04-14,503.22135096434800
2018-04-15,531.26395002922300
2018-04-16,510.98375832846300
2018-04-17,502.12664143775600
2018-04-18,524.99459380479300
2018-04-19,566.58252630040900
2018-04-20,616.31734073641200
2018-04-21,605.39633109292800
2018-04-22,621.13910140268800
2018-04-23,642.58172939801300
2018-04-24,705.00702045587400
2018-04-25,614.54647165400400
2018-04-26,661.79676183518400
2018-04-27,648.91000087668000
2018-04-28,682.53555055523100
2018-04-29,688.30611016949200
2018-04-30,667.06340765634100
2018-05-01,671.53168234950300
2018-05-02,686.61184336645200
2018-05-03,778.37754412624200
2018-05-04,783.39121361776700
2018-05-05,811.35639216832300
2018-05-06,784.87517971946200
2018-05-07,747.83531209818800
2018-05-08,751.67123144360000
2018-05-09,748.33478959672700
2018-05-10,725.94316890707200
2018-05-11,679.53248568088800
2018-05-12,685.77764026884900
2018-05-13,731.42673436586800
2018-05-14,726.42180888369400
2018-05-15,706.47117066043300
2018-05-16,705.39060695499700
2018-05-17,668.04473699590900
2018-05-18,693.65168381063700
2018-05-19,693.80958065458800
2018-05-20,713.59169140853300
2018-05-21,697.84552600818200
2018-05-22,643.66787668030400
2018-05-23,578.22998860315600
2018-05-24,600.61057276446500
2018-05-25,578.59427293980100
2018-05-26,584.28741145528900
2018-05-27,570.38884278199900
2018-05-28,513.59707510227900
2018-05-29,563.90326095850400
2018-05-30,556.76238457042700
2018-05-31,575.46986469900600
2018-06-01,578.82756399766200
2018-06-02,591.81195908825300
2018-06-03,618.23284278199900
2018-06-04,589.88267066043300
2018-06-05,607.18031034482700
2018-06-06,605.42944476914100
2018-06-07,602.15933401519600
2018-06-08,600.12818059614300
2018-06-09,595.95362331969600
2018-06-10,521.27691729982500
2018-06-11,529.37152893045000
2018-06-12,489.83608533021600
2018-06-13,474.45097516072500
2018-06-14,517.72222910578600
2018-06-15,486.49924634716500
2018-06-16,497.32200467562800
2018-06-17,495.83074108708400
2018-06-18,516.85060403272900
2018-06-19,537.07477936879000
2018-06-20,535.26893775569900
2018-06-21,525.61117825832900
2018-06-22,462.96708270017500
2018-06-23,475.24524050263000
2018-06-24,454.38876826417300
2018-06-25,459.19429018118100
2018-06-26,432.49308153126800
2018-06-27,441.67516686148500
2018-06-28,419.79145412039700
2018-06-29,436.73642109877300
2018-06-30,451.72341671537100
2018-07-01,451.79844155464600
2018-07-02,475.98944856808900
2018-07-03,461.75169023962600
2018-07-04,465.72915020455900
2018-07-05,467.05866627703100
2018-07-06,468.51296464056100
2018-07-07,480.53347486849800
2018-07-08,486.13205376972500
2018-07-09,471.72156253652800
2018-07-10,433.12843921683200
2018-07-11,446.34707539450600
2018-07-12,423.88174196376400
2018-07-13,431.35368264173000
2018-07-14,433.91918585622500
2018-07-15,448.72806779661000
2018-07-16,477.36528579777900
2018-07-17,499.43875978959700
2018-07-18,479.00164114552900
2018-07-19,468.40544681472800
2018-07-20,447.55797194623000
2018-07-21,461.98679953243700
2018-07-22,457.13527790765600
2018-07-23,448.95567329047300
2018-07-24,478.03698772647600
2018-07-25,472.69650847457600
2018-07-26,463.43333869082400
2018-07-27,469.31179281122100
2018-07-28,467.32178842782000
2018-07-29,466.91876358854500
2018-07-30,455.89567358270000
2018-07-31,431.79852367036800
2018-08-01,419.01992665108100
2018-08-02,410.97420835768600
2018-08-03,417.25349561659800
2018-08-04,406.41921946230300
2018-08-05,408.94992285213300
2018-08-06,405.37808737580400
2018-08-07,378.55963208649900
2018-08-08,354.36919433080100
2018-08-09,365.00114582115700
2018-08-10,330.64200379894800
2018-08-11,322.90208270017500
2018-08-12,317.95464056107500
2018-08-13,284.39161776738700
2018-08-14,276.24214172998200
2018-08-15,281.14963851548800
2018-08-16,285.76630800701300
2018-08-17,314.95071478667400
2018-08-18,295.43389655172400
2018-08-19,300.06501724137900
2018-08-20,271.61710578609000
2018-08-21,280.94082378725900
2018-08-22,270.08111279953200
2018-08-23,275.20812770309800
2018-08-24,281.68492548217400
2018-08-25,278.42391320865000
2018-08-26,273.28994886031600
2018-08-27,284.20375482174200
2018-08-28,296.62598889538300
2018-08-29,288.59985476329600
2018-08-30,283.88430333138500
2018-08-31,282.21576534190500
2018-09-01,294.94027206312100
2018-09-02,293.78801256575100
2018-09-03,288.64213822326100
2018-09-04,285.30600964348300
2018-09-05,234.20167913500900
2018-09-06,229.09476125073100
2018-09-07,215.27964085330200
2018-09-08,196.64875599064900
2018-09-09,195.58883167738200
2018-09-10,196.12211192285200
2018-09-11,184.30370981881900
2018-09-12,182.66874839275300
2018-09-13,212.60196551724100
2018-09-14,211.69780420806500
2018-09-15,222.81301052016400
2018-09-16,220.02249035651700
2018-09-17,196.81166686148500
2018-09-18,209.51999298655800
2018-09-19,209.08513062536500
2018-09-20,223.65208854471100
2018-09-21,246.73334891876100
2018-09-22,240.17626446522500
2018-09-23,244.65070046756300
2018-09-24,227.80009146697800
2018-09-25,217.62294009351300
2018-09-26,215.03126183518400
2018-09-27,228.43673524254800
2018-09-28,221.04202396259500
2018-09-29,231.32605464640600
2018-09-30,232.21588047925200
2018-10-01,229.91814728229100
2018-10-02,225.34053798948000
2018-10-03,218.98565604909400
2018-10-04,220.93490648743400
2018-10-05,226.53324751607300
2018-10-06,223.67002104032700
2018-10-07,224.38115400350700
2018-10-08,227.62936148451200
2018-10-09,226.36625745178300
2018-10-10,223.63741496201100
2018-10-11,190.50317329047300
2018-10-12,194.23368410286400
2018-10-13,196.64090035067200
2018-10-14,192.08256165984800
2018-10-15,204.84559526592600
2018-10-16,205.67896551724100
2018-10-17,203.58918439509100
2018-10-18,199.10416773816500
2018-10-19,200.18542226768000
2018-10-20,202.62059029807100
2018-10-21,202.19779251899500
2018-10-22,200.98696785505600
2018-10-23,201.10620864991200
2018-10-24,200.54860812390400
2018-10-25,199.86274459380500
2018-10-26,200.62266160140300
2018-10-27,201.41841846873200
2018-10-28,202.45110315604900
2018-10-29,194.32135125657500
2018-10-30,195.65895295149000
2018-10-31,196.89793191116300
2018-11-01,197.81921069550000
2018-11-02,199.85037258912900
2018-11-03,198.35467738164800
2018-11-04,209.98957276446500
2018-11-05,208.07558153126800
2018-11-06,218.08975569842200
2018-11-07,216.78305639976600
2018-11-08,210.64310344827600
2018-11-09,208.10285593220300
2018-11-10,210.56486528346000
2018-11-11,209.06425365283500
2018-11-12,208.28941233197000
2018-11-13,203.61979719462300
2018-11-14,176.67370864991200
2018-11-15,177.58589976621900
2018-11-16,172.02722296902400
2018-11-17,172.32583430742300
2018-11-18,174.88751753360600
2018-11-19,146.83737463471700
2018-11-20,126.69969403857400
2018-11-21,134.89483869082400
2018-11-22,124.98310666277000
2018-11-23,121.46452688486300
2018-11-24,111.20791934541200
2018-11-25,114.32812419637600
2018-11-26,105.97619316189400
2018-11-27,108.93913296317900
2018-11-28,120.84303565166600
2018-11-29,116.45006779661000
2018-11-30,111.63144856808900
2018-12-01,116.97402279368800
2018-12-02,114.87384891876100
2018-12-03,107.43609380479200
2018-12-04,108.39307422559900
2018-12-05,101.13268877849200
2018-12-06,90.81281443600230
2018-12-07,92.12891613091760
2018-12-08,90.59914202220920
2018-12-09,92.99399590882520
2018-12-10,89.33858883693750
2018-12-11,87.14203711279950
2018-12-12,88.85423115137350
2018-12-13,85.03007481005260
2018-12-14,83.08653535943890
2018-12-15,82.83019023962590
2018-12-16,83.78539187609590
2018-12-17,93.84370105201640
2018-12-18,100.27770514319100
2018-12-19,99.94950496785510
2018-12-20,114.08397486849800
2018-12-21,107.81186206896600
2018-12-22,115.23031589713600
2018-12-23,129.69379544126200
2018-12-24,140.37244944476900
2018-12-25,127.91981443600200
2018-12-26,130.30945119813000
2018-12-27,114.11739655172400
2018-12-28,135.22209175920500
2018-12-29,140.09879836353000
2018-12-30,138.40171624780800
2018-12-31,130.79046054938600
2019-01-01,139.15464436002300
2019-01-02,154.42636879018100
2019-01-03,147.06208679135000
2019-01-04,153.44237697253100
2019-01-05,154.30175686732900
2019-01-06,155.94028316773800
2019-01-07,150.34613179427200
2019-01-08,149.05276271186400
2019-01-09,149.62985622443000
2019-01-10,126.92980391583900
2019-01-11,124.97057422559900
2019-01-12,124.32931063705400
2019-01-13,115.33989538281700
2019-01-14,128.32358386908200
2019-01-15,120.32987609585000
2019-01-16,122.42091379310300
2019-01-17,122.64775160724700
2019-01-18,119.48519140853300
2019-01-19,123.48799123319700
2019-01-20,117.51523173582700
2019-01-21,115.91884307422600
2019-01-22,117.97571975453000
2019-01-23,116.31343658679100
2019-01-24,116.32635797779100
2019-01-25,114.96736645236700
2019-01-26,115.04004003506700
2019-01-27,111.82207685564000
2019-01-28,105.66715575686700
2019-01-29,104.22787580362400
2019-01-30,107.66988603156000
2019-01-31,105.73923611922900
2019-02-01,106.63494769140900
2019-02-02,108.57113179427200
2019-02-03,106.02172267679700
2019-02-04,106.02667562828800
2019-02-05,106.13558649912300
2019-02-06,103.39471215663400
2019-02-07,103.29905376972500
2019-02-08,117.50148509643500
2019-02-09,118.10396347165400
2019-02-10,123.57786820572800
2019-02-11,119.72661542957300
2019-02-12,120.82870192869700
2019-02-13,120.69022589129200
2019-02-14,119.68091320865000
2019-02-15,120.36002542372900
2019-02-16,121.80488106370500
2019-02-17,132.80649006429000
2019-02-18,144.41539596727100
2019-02-19,143.13729573348900
2019-02-20,147.19214348334300
2019-02-21,143.60128345996500
2019-02-22,147.06330420806500
2019-02-23,157.53050000000000
2019-02-24,135.38312887200500
2019-02-25,137.92487492694300
2019-02-26,135.72591613091800
2019-02-27,133.99675891291600
2019-02-28,134.75472413793100
2019-03-01,134.86456458211600
2019-03-02,132.19729748685000
2019-03-03,129.64578375219200
2019-03-04,125.12043950905900
2019-03-05,135.70765897136200
2019-03-06,137.18230391583900
2019-03-07,136.14244067796600
2019-03-08,132.44142109877300
2019-03-09,136.29696084161300
2019-03-10,135.22566306253700
2019-03-11,132.08010753945100
2019-03-12,132.69616510812400
2019-03-13,131.13371244886000
2019-03-14,131.30928258328500
2019-03-15,135.60294272355300
2019-03-16,140.62887755698400
2019-03-17,138.14305230859100
2019-03-18,137.06321624780800
2019-03-19,137.92807714786700
2019-03-20,138.68589246054900
2019-03-21,134.58657422559900
2019-03-22,135.89336791350100
2019-03-23,136.47504061952100
2019-03-24,135.41944038573900
2019-03-25,133.09315780245500
2019-03-26,133.16433985973100
2019-03-27,139.21530742256000
2019-03-28,137.33661192285200
2019-03-29,142.36897749853900
2019-03-30,142.10774517825800
2019-03-31,141.27678515488000
2019-04-01,141.29568877849200
2019-04-02,165.46688047925200
2019-04-03,160.23957276446500
2019-04-04,157.86573687901800
2019-04-05,165.93898538866200
2019-04-06,165.40879485680900
2019-04-07,174.46365955581500
2019-04-08,180.77950116890700
2019-04-09,175.95788661601400
2019-04-10,177.47487895967300
2019-04-11,165.55036119228500
2019-04-12,164.89181735827000
2019-04-13,164.12865926358900
2019-04-14,168.01309906487400
2019-04-15,160.55747311513700
2019-04-16,166.66234015195800
2019-04-17,166.36413968439500
2019-04-18,173.54595207481000
2019-04-19,173.65278345996500
2019-04-20,173.21536937463500
2019-04-21,169.94560111046200
2019-04-22,171.56541466978400
2019-04-23,170.93740964348300
2019-04-24,165.14211420222100
2019-04-25,152.04549444769100
2019-04-26,152.96092752776200
2019-04-27,155.72673348918800
2019-04-28,153.25184716540000
2019-04-29,152.54520876680300
2019-04-30,159.93850146113400
2019-05-01,158.22285973115100
2019-05-02,159.19161952074800
2019-05-03,164.69545207481000
2019-05-04,162.03726575102300
2019-05-05,161.48559643483300
2019-05-06,172.06861601402700
2019-05-07,170.05011484512000
2019-05-08,169.55876417299800
2019-05-09,170.25031472822900
2019-05-10,172.22182197545300
2019-05-11,199.60651455289300
2019-05-12,187.18410374050300
2019-05-13,195.82520309760400
2019-05-14,218.21480566919900
2019-05-15,249.06143103448300
2019-05-16,263.38047019287000
2019-05-17,242.26379368790200
2019-05-18,234.84127966101700
2019-05-19,261.97404529514900
2019-05-20,252.41741963763900
2019-05-21,256.81816218585600
2019-05-22,244.55051431911200
2019-05-23,245.84038486265400
2019-05-24,248.83925201636500
2019-05-25,251.88846095850400
2019-05-26,268.29433956750400
2019-05-27,272.61633109292800
2019-05-28,271.22349853886600
2019-05-29,269.32781092928100
2019-05-30,254.29420175336100
2019-05-31,266.57392255990600
2019-06-01,265.14014436002300
2019-06-02,269.96704149620100
2019-06-03,251.05775862069000
2019-06-04,239.45704091174800
2019-06-05,246.33760023378200
2019-06-06,247.48875423728800
2019-06-07,250.22590958503800
2019-06-08,244.62647019287000
2019-06-09,231.03957802454700
2019-06-10,246.74632524839300
2019-06-11,245.80091087083600
2019-06-12,259.65664009351300
2019-06-13,255.33630040911700
2019-06-14,264.76342314436000
2019-06-15,269.05718740502600
2019-06-16,269.84851870251300
2019-06-17,273.71409497370000
2019-06-18,263.70225189947400
2019-06-19,268.93683810637000
2019-06-20,272.13750029222700
2019-06-21,294.85289275277600
2019-06-22,308.00976972530700
2019-06-23,306.55350742256000
2019-06-24,309.79875026300400
2019-06-25,316.17192004675600
2019-06-26,334.03505347749900
2019-06-27,293.21503623611900
2019-06-28,309.44618293395700
2019-06-29,318.52978813559300
2019-06-30,291.66069631794300
2019-07-01,293.86239275277600
2019-07-02,290.57183430742300
2019-07-03,302.05721040327300
2019-07-04,283.48920280537700
2019-07-05,287.85858299240200
2019-07-06,287.27412998246600
2019-07-07,306.19859059029800
2019-07-08,313.32629047340700
2019-07-09,308.34305406195200
2019-07-10,288.73115780245500
2019-07-11,267.53660461718300
2019-07-12,275.87260023378100
2019-07-13,268.68862933956800
2019-07-14,230.33597632963200
2019-07-15,230.57835797779100
2019-07-16,199.00161104617200
2019-07-17,210.93131472822900
2019-07-18,227.24179427235500
2019-07-19,221.03139333723000
2019-07-20,230.67205371128000
2019-07-21,225.67206712448900
2019-07-22,217.01362536528400
2019-07-23,212.36145675043800
2019-07-24,216.84844254821700
2019-07-25,219.63866826417300
2019-07-26,219.36535587375800
2019-07-27,206.64576504967900
2019-07-28,210.92754056107500
2019-07-29,210.84074897720600
2019-07-30,210.02956084161300
2019-07-31,218.08824050263000
2019-08-01,217.35319491525400
2019-08-02,217.66719199298700
2019-08-03,221.83531648159000
2019-08-04,222.78852191700800
2019-08-05,232.29990882524800
2019-08-06,225.72926826417300
2019-08-07,226.04291677381700
2019-08-08,220.55004132086500
2019-08-09,209.81782787843400
2019-08-10,206.32437931034500
2019-08-11,215.78973465809500
2019-08-12,210.97249766218600
2019-08-13,208.59762834599600
2019-08-14,186.38181414377600
2019-08-15,188.01663646990100
2019-08-16,185.57793687901800
2019-08-17,185.54766651081200
2019-08-18,194.70616206896600
2019-08-19,202.76703506721200
2019-08-20,196.71782203389800
2019-08-21,186.49728462887200
2019-08-22,191.59609322033900
2019-08-23,194.62430479251900
2019-08-24,191.11435125657500
2019-08-25,186.32448889538300
2019-08-26,188.56980537697300
2019-08-27,186.88329310344800
2019-08-28,173.17579748685000
2019-08-29,168.73588234950300
2019-08-30,168.37243600233800
2019-08-31,172.17760987726500
2019-09-01,171.21148047925200
2019-09-02,178.58019462302700
2019-09-03,179.23367387492700
2019-09-04,174.72977527761500
2019-09-05,174.54153974284000
2019-09-06,169.23070338983000
2019-09-07,178.28749438924600
2019-09-08,181.60464026884900
2019-09-09,181.38824167153700
2019-09-10,179.59580566919900
2019-09-11,178.05885563997700
2019-09-12,180.84650818235000
2019-09-13,181.51325949737000
2019-09-14,188.59595049678600
2019-09-15,189.44360841613100
2019-09-16,197.43053565166600
2019-09-17,209.28758270017500
2019-09-18,210.72122358270000
2019-09-19,221.56220105201600
2019-09-20,217.19557013442400
2019-09-21,215.50002980713000
2019-09-22,211.05180187025100
2019-09-23,201.22672501461100
2019-09-24,168.43832817066000
2019-09-25,169.84662478083000
2019-09-26,166.33461788427800
2019-09-27,174.08365412039700
2019-09-28,173.79888036236100
2019-09-29,169.85333489187600
2019-09-30,179.50872793687900
2019-10-01,176.63515955581500
2019-10-02,180.73142460549400
2019-10-03,175.46711326709500
2019-10-04,176.20406931618900
2019-10-05,176.18481326709500
2019-10-06,169.85495423728800
2019-10-07,181.00157042665100
2019-10-08,180.66866978375200
2019-10-09,194.22913150204600
2019-10-10,191.57409970777300
2019-10-11,180.90217247223800
2019-10-12,180.31980499707800
2019-10-13,181.47459760374000
2019-10-14,186.52061513734700
2019-10-15,180.28294985388700
2019-10-16,174.99567632963200
2019-10-17,177.07022986557600
2019-10-18,173.13057872589100
2019-10-19,171.61313272939800
2019-10-20,175.18784658094700
2019-10-21,174.19836686148500
2019-10-22,171.26168205727600
2019-10-23,161.32355838690800
2019-10-24,161.02446464056100
2019-10-25,181.16194447691400
2019-10-26,179.72060233781400
2019-10-27,184.57248457042700
2019-10-28,182.81422063121000
2019-10-29,190.83049544126200
2019-10-30,183.27700379894800
2019-10-31,182.43056721215700
2019-11-01,183.36226767971900
2019-11-02,182.99876884862700
2019-11-03,181.90701373465800
2019-11-04,186.03443278784300
2019-11-05,189.21725137346600
2019-11-06,191.55666066627700
2019-11-07,186.77062244301600
2019-11-08,184.03822308591500
2019-11-09,184.96257977790800
2019-11-10,189.04510467562800
2019-11-11,184.41884529514900
2019-11-12,186.57792641730000
2019-11-13,188.03335610753900
2019-11-14,184.76646376388100
2019-11-15,179.98978907071900
2019-11-16,182.28711718293400
2019-11-17,183.82980596142600
2019-11-18,178.06237200467600
2019-11-19,175.43519988310900
2019-11-20,174.40972033898300
2019-11-21,160.72829690239600
2019-11-22,149.77616247808300
2019-11-23,152.32705628287600
2019-11-24,141.57661952074800
2019-11-25,146.56224184687300
2019-11-26,147.94287855055500
2019-11-27,153.24832226768000
2019-11-28,151.01039246054900
2019-11-29,154.25628901227400
2019-11-30,152.01621011104600
2019-12-01,151.38022337814100
2019-12-02,149.05271566335500
2019-12-03,147.46536914085300
2019-12-04,145.69724465225000
2019-12-05,148.02239988310900
2019-12-06,148.70018673290500
2019-12-07,147.51519929865600
2019-12-08,150.83842080654600
2019-12-09,147.37549514903600
2019-12-10,145.69636014026900
2019-12-11,143.13040473407400
2019-12-12,144.73420368205700
2019-12-13,144.59971507890100
2019-12-14,141.84244284044400
2019-12-15,142.30454412624200
2019-12-16,132.37998112215100
2019-12-17,121.50591642314400
2019-12-18,132.88368801870300
2019-12-19,127.84494769140900
2019-12-20,128.21756282875500
2019-12-21,127.09714114552900
2019-12-22,132.06046873173600
2019-12-23,127.81431057860900
2019-12-24,127.65644593804800
2019-12-25,124.88102308591500
2019-12-26,125.30842986557600
2019-12-27,126.18162945645800
2019-12-28,128.03760169491500
2019-12-29,134.63924371712500
2019-12-30,131.28746674459400
2019-12-31,128.51107977790800
2020-01-01,129.96387533606100
2020-01-02,126.73087697253100
2020-01-03,133.80076709526600
2020-01-04,134.05034921098800
2020-01-05,134.98217708942100
2020-01-06,143.98882407948600
2020-01-07,143.24895569842200
2020-01-08,140.87248404441800
2020-01-09,137.47366411455300
2020-01-10,143.78940093512600
2020-01-11,142.84607428404400
2020-01-12,145.44712600818200
2020-01-13,143.91022220923400
2020-01-14,166.04797691408500
2020-01-15,165.85377936879000
2020-01-16,164.05293325540600
2020-01-17,171.03440233781400
2020-01-18,175.07497837521900
2020-01-19,166.79182244301600
2020-01-20,166.92741104617200
2020-01-21,169.17166873173600
2020-01-22,167.54522627118600
2020-01-23,162.15652559906500
2020-01-24,162.24759070718900
2020-01-25,160.52145517241400
2020-01-26,167.15911297486800
2020-01-27,169.93431367621300
2020-01-28,175.27618848626500
2020-01-29,174.67677668030400
2020-01-30,184.25674897720600
2020-01-31,180.16367036820600
2020-02-01,183.56250765634100
2020-02-02,188.39810853302200
2020-02-03,189.34164406779700
2020-02-04,188.27666598480400
2020-02-05,205.12508790181200
2020-02-06,212.84964272355300
2020-02-07,222.86307971946200
2020-02-08,223.97337960257200
2020-02-09,228.46705312682600
2020-02-10,224.13983161893600
2020-02-11,237.64953933372300
2020-02-12,266.64945528930400
2020-02-13,267.94000187025100
2020-02-14,284.83064909409700
2020-02-15,265.03384646405600
2020-02-16,261.12869053185300
2020-02-17,266.60823337229700
2020-02-18,283.56498831092900
2020-02-19,261.07734102863800
2020-02-20,258.63187101110500
2020-02-21,265.90940414962000
2020-02-22,261.76337580362400
2020-02-23,274.97964757451800
2020-02-24,264.36716750438300
2020-02-25,248.53713220339000
2020-02-26,225.70655715955600
2020-02-27,226.39892203389800
2020-02-28,228.67391846873200
2020-02-29,220.10229421391000
2020-03-01,218.62366855640000
2020-03-02,231.19493161893600
2020-03-03,224.28357001753400
2020-03-04,224.15602682641700
2020-03-05,227.81360584453500
2020-03-06,244.33023600233800
2020-03-07,238.05985260081800
2020-03-08,202.76595499707800
2020-03-09,200.15110105201600
2020-03-10,200.85109053185300
2020-03-11,194.23600935125700
2020-03-12,110.32820163647000
2020-03-13,134.75998568088800
2020-03-14,122.07815125657500
2020-03-15,123.75473407364100
2020-03-16,110.34905873758000
2020-03-17,117.78346376388100
2020-03-18,117.68334365867900
2020-03-19,137.35750298071300
2020-03-20,131.53232326125100
2020-03-21,132.51163343074200
2020-03-22,122.44205552308600
2020-03-23,135.58977060198700
2020-03-24,139.41479222676800
2020-03-25,136.09551198129700
2020-03-26,138.60821548801900
2020-03-27,133.68161472822900
2020-03-28,131.02776651081200
2020-03-29,125.17874547048500
2020-03-30,132.90232051431900
2020-03-31,133.50813337229700
2020-04-01,135.85480654588000
2020-04-02,141.15174663939200
2020-04-03,141.72721127995300
2020-04-04,144.33628270017500
2020-04-05,142.97263296317900
2020-04-06,169.60972431326700
2020-04-07,164.21725949737000
2020-04-08,173.29478433664500
2020-04-09,170.28360490941000
2020-04-10,157.55059818819400
2020-04-11,158.43164932787800
2020-04-12,160.64930333138500
2020-04-13,157.19862857977800
2020-04-14,159.00615844535400
2020-04-15,152.95114073641100
2020-04-16,172.97044032729400
2020-04-17,172.23222063121000
2020-04-18,188.10941490356500
2020-04-19,181.23081437755700
2020-04-20,171.01376329631800
2020-04-21,171.48923290473400
2020-04-22,182.58180417884300
2020-04-23,185.64632641730000
2020-04-24,187.62184132086500
2020-04-25,193.78520192869700
2020-04-26,197.06244026884900
2020-04-27,196.56570867913500
2020-04-28,197.46641256575100
2020-04-29,215.38395207481000
2020-04-30,206.88486528346000
2020-05-01,212.71361776738700
2020-05-02,214.13387060198700
2020-05-03,210.09057530683800
2020-05-04,206.96192659263600
2020-05-05,204.88541700759800
2020-05-06,202.73607556984200
2020-05-07,212.99097282291100
2020-05-08,212.41312887200500
2020-05-09,210.77487112799500
2020-05-10,187.54248684979500
2020-05-11,185.71537229690200
2020-05-12,189.81845943892500
2020-05-13,199.93802255990700
2020-05-14,203.53287703097600
2020-05-15,195.12198030391600
2020-05-16,200.81976621858600
2020-05-17,207.07257685564000
2020-05-18,214.74816247808300
2020-05-19,213.82046674459400
2020-05-20,209.80479310344800
2020-05-21,198.91755698422000
2020-05-22,207.06367767387500
2020-05-23,206.90619725306800
2020-05-24,202.37630637054400
2020-05-25,204.29224500292200
2020-05-26,200.86048918761000
2020-05-27,207.49800379894800
2020-05-28,219.37857101110500
2020-05-29,220.78482630040900
2020-05-30,243.57240128579800
2020-05-31,231.44404745762700
2020-06-01,249.07495295149000
2020-06-02,237.17963255406200
2020-06-03,243.93413945061400
2020-06-04,243.64776598480400
2020-06-05,240.31297603740500
2020-06-06,242.01970029222700
2020-06-07,244.38464348334300
2020-06-08,245.96830356516700
2020-06-09,244.32614097019300
2020-06-10,247.70487954412600
2020-06-11,230.90440093512600
2020-06-12,237.16244272355400
2020-06-13,238.09040789012300
2020-06-14,232.13727708942100
2020-06-15,231.19783974284000
2020-06-16,235.13662121566300
2020-06-17,233.68785102279400
2020-06-18,231.33109888953800
2020-06-19,228.77822402104000
2020-06-20,228.91983080070100
2020-06-21,227.57903360607800
2020-06-22,243.22075815312700
2020-06-23,242.92121899474000
2020-06-24,234.82375336060800
2020-06-25,232.42142068965500
2020-06-26,229.69416738749300
2020-06-27,220.69944202220900
2020-06-28,224.44346066627700
2020-06-29,228.02034137931000
2020-06-30,225.72275482174200
2020-07-01,231.14591846873200
2020-07-02,226.70150537697300
2020-07-03,225.09885476329600
2020-07-04,228.86627206312100
2020-07-05,227.66726826417300
2020-07-06,241.17908123904200
2020-07-07,239.01342957334900
2020-07-08,246.84411572180000
2020-07-09,241.65181858562200
2020-07-10,241.03370011689100
2020-07-11,239.30704061952100
2020-07-12,241.30959117475200
2020-07-13,239.32637381648200
2020-07-14,240.63881794272400
2020-07-15,238.38143962595000
2020-07-16,233.54967410870800
2020-07-17,232.84542723553500
2020-07-18,235.90991496201100
2020-07-19,239.35814582115700
2020-07-20,236.36125628287600
2020-07-21,245.25059544126200
2020-07-22,264.19916949152500
2020-07-23,275.22381253652800
2020-07-24,279.90753442431300
2020-07-25,305.40215254237300
2020-07-26,311.03997352425500
2020-07-27,323.23388690824100
2020-07-28,318.01553720046800
2020-07-29,318.02594593804800
2020-07-30,335.96408287551100
2020-07-31,346.17999228521300
2020-08-01,387.18588544710700
2020-08-02,372.18067165400400
2020-08-03,385.48781239041500
2020-08-04,390.66286469900600
2020-08-05,400.60119608416100
2020-08-06,393.99593249561700
2020-08-07,380.33005388661600
2020-08-08,392.36017650496800
2020-08-09,389.18315739333700
2020-08-10,395.40785242548200
2020-08-11,379.11133898305100
2020-08-12,387.20817475160700
2020-08-13,424.79946008182300
2020-08-14,438.07686557568700
2020-08-15,432.60919842197600
2020-08-16,432.93917282291100
2020-08-17,432.84146417299800
2020-08-18,423.34633208649900
2020-08-19,406.87942781998800
2020-08-20,416.25978755114000
2020-08-21,387.24060502630000
2020-08-22,395.91252133255400
2020-08-23,391.94760736411500
2020-08-24,408.79219947399200
2020-08-25,383.60496972530700
2020-08-26,386.34381735827000
2020-08-27,382.34915049678500
2020-08-28,395.03972980713000
2020-08-29,400.36816557568700
2020-08-30,428.19643793103500
2020-08-31,436.09076943308000
2020-09-01,480.74917586206900
2020-09-02,441.21413413208700
2020-09-03,383.54258497954400
2020-09-04,386.66907597896000
2020-09-05,331.42008854471100
2020-09-06,353.22712957334900
2020-09-07,352.80646902396300
2020-09-08,336.71655809468200
2020-09-09,352.05394856808900
2020-09-10,367.38086762127400
2020-09-11,373.96661578024500
2020-09-12,386.21605505552300
2020-09-13,365.64160783167700
2020-09-14,375.80100368205700
2020-09-15,363.93659573348900
2020-09-16,365.32207621274100
2020-09-17,389.44611104617200
2020-09-18,382.26167627118600
2020-09-19,385.24656966686100
2020-09-20,371.20702571595600
2020-09-21,342.45639047340700
2020-09-22,343.50366253652800
2020-09-23,320.58859088252500
2020-09-24,349.14401601402700
2020-09-25,351.71396236119200
2020-09-26,354.60104576271200
2020-09-27,356.12199275277600
2020-09-28,355.45993395675000
2020-09-29,359.70143980128600
2020-09-30,359.97675248392800
2020-10-01,352.36085604909400
2020-10-02,345.80127948568100
2020-10-03,346.65296890707200
2020-10-04,352.33940023378100
2020-10-05,353.19178018702500
2020-10-06,340.10351987142000
2020-10-07,341.15996399766200
2020-10-08,350.52749637638800
2020-10-09,366.24789099941600
2020-10-10,371.28280514319100
2020-10-11,374.14540619520700
2020-10-12,387.67096873173600
2020-10-13,381.54427457627100
2020-10-14,378.82899304500300
2020-10-15,377.50291028638200
2020-10-16,366.29994985388700
2020-10-17,368.31826937463500
2020-10-18,377.92165242548200
2020-10-19,379.46302846288700
2020-10-20,368.84386265341900
2020-10-21,392.47316423144400
2020-10-22,414.43640578609000
2020-10-23,409.33999859731200
2020-10-24,412.26885710111000
2020-10-25,406.74280064289900
2020-10-26,394.01075657510200
2020-10-27,404.04544681472800
2020-10-28,388.90336364699000
2020-10-29,386.78842109877300
2020-10-30,383.59636995908800
2020-10-31,386.58523611922900
2020-11-01,395.57778264173000
2020-11-02,383.84831706604300
2020-11-03,388.54819970777300
2020-11-04,401.79561385154900
2020-11-05,416.99735464640600
2020-11-06,456.44788088836900
2020-11-07,436.77211285797800
2020-11-08,455.37572986557600
2020-11-09,444.54799970777300
2020-11-10,451.50164061952100
2020-11-11,464.21594248977200
2020-11-12,462.86649982466400
2020-11-13,476.57134097019300
2020-11-14,462.55145879602600
2020-11-15,449.34564360023400
2020-11-16,462.25473161893600
2020-11-17,482.69500502630000
2020-11-18,479.49180666277000
2020-11-19,471.15002337814100
2020-11-20,509.56297720631200
2020-11-21,547.35348042080700
2020-11-22,565.13106090005800
2020-11-23,607.21411864406800
2020-11-24,604.57353074225600
2020-11-25,568.24735628287600
2020-11-26,518.39735622443000
2020-11-27,517.04181718293400
2020-11-28,540.82921005260100
2020-11-29,574.87355523085900
2020-11-30,613.46949240210400
2020-12-01,588.25155523085900
2020-12-02,598.92640981881900
2020-12-03,617.55427001753400
2020-12-04,572.17717627118600
2020-12-05,594.91569549970800
2020-12-06,602.24677673874900
2020-12-07,591.82009526592600
2020-12-08,554.31854529514900
2020-12-09,574.21407235534800
2020-12-10,560.45031689070700
2020-12-11,545.48365751022800
2020-12-12,568.54542326125100
2020-12-13,590.52273062536500
2020-12-14,586.47018129748700
2020-12-15,589.00081683226200
2020-12-16,636.20501110461700
2020-12-17,642.78815020455900
2020-12-18,652.01013056692000
2020-12-19,659.71404500292200
2020-12-20,638.56192343658700
2020-12-21,612.54649736995900
2020-12-22,634.17585622443000
2020-12-23,588.50884804208100
2020-12-24,611.89357159555800
2020-12-25,625.84029251899500
2020-12-26,635.80685412039700
2020-12-27,688.48068544710700
2020-12-28,730.51829690239600
2020-12-29,731.93629573348900
2020-12-30,751.20806370543500
2020-12-31,739.02584985388700
2021-01-01,730.91432063121000
2021-01-02,775.29662244301600
2021-01-03,990.36532495616600
2021-01-04,1030.31844886032000
2021-01-05,1101.55981414378000
2021-01-06,1199.35239976622000
2021-01-07,1220.21421332554000
2021-01-08,1219.88072121566000
2021-01-09,1286.97022314436000
2021-01-10,1265.43626750438000
2021-01-11,1082.90568556400000
2021-01-12,1038.83941765050000
2021-01-13,1127.92676271186000
2021-01-14,1212.61922150789000
2021-01-15,1167.64685096435000
2021-01-16,1231.50994839275000
2021-01-17,1242.04924137931000
2021-01-18,1252.15644476914000
2021-01-19,1386.08540385739000
2021-01-20,1367.82303974284000
2021-01-21,1132.69443191116000
2021-01-22,1235.37204792519000
2021-01-23,1232.76174810053000
2021-01-24,1387.23029631794000
2021-01-25,1325.60759380479000
2021-01-26,1361.84900292227000
2021-01-27,1245.93815055523000
2021-01-28,1341.77470309760000
2021-01-29,1383.40889538282000
2021-01-30,1379.86854237288000
2021-01-31,1317.34636417300000
2021-02-01,1369.95499357101000
2021-02-02,1524.16825189947000
2021-02-03,1659.52005435418000
2021-02-04,1608.39752355348000
2021-02-05,1720.47846616014000
2021-02-06,1683.70779380479000
2021-02-07,1616.04266183518000
2021-02-08,1743.54479135009000
2021-02-09,1770.83282057276000
2021-02-10,1748.21180596143000
2021-02-11,1785.58308942139000
2021-02-12,1846.45420058445000
2021-02-13,1819.41280268849000
2021-02-14,1811.56667925190000
2021-02-15,1787.53062191701000
2021-02-16,1780.61989596727000
2021-02-17,1845.23994155465000
2021-02-18,1932.41152659264000
2021-02-19,1961.02429018118000
2021-02-20,1912.80253489188000
2021-02-21,1933.88384745763000
2021-02-22,1771.20859848042000
2021-02-23,1563.04562419638000
2021-02-24,1616.56383693746000
2021-02-25,1491.46385715956000
2021-02-26,1442.30312273524000
2021-02-27,1454.03216890707000
2021-02-28,1425.38586674459000
2021-03-01,1563.23598036236000
2021-03-02,1489.87889421391000
2021-03-03,1584.06700526008000
2021-03-04,1538.02277644652000
2021-03-05,1530.84029181765000
2021-03-06,1659.83834599649000
2021-03-07,1719.16063705435000
2021-03-08,1826.12504734074000
2021-03-09,1862.02863687902000
2021-03-10,1803.42449059030000
2021-03-11,1827.71346113384000
2021-03-12,1768.50364453536000
2021-03-13,1927.20756627703000
2021-03-14,1874.14906195208000
2021-03-15,1796.90510976037000
2021-03-16,1796.95172822911000
2021-03-17,1818.86739976622000
2021-03-18,1781.64520666277000
2021-03-19,1810.37383459965000
2021-03-20,1812.74496884863000
2021-03-21,1784.72563880771000
2021-03-22,1689.11376779661000
2021-03-23,1671.75213500877000
2021-03-24,1586.88241320865000
2021-03-25,1588.93212396259000
2021-03-26,1695.66907773232000
2021-03-27,1718.11909175920000
2021-03-28,1685.16250900058000
2021-03-29,1811.14322267680000
2021-03-30,1840.87399678551000
2021-03-31,1916.88001928697000
2021-04-01,1971.24078258329000
2021-04-02,2134.06883985973000
2021-04-03,2025.14887843366000
2021-04-04,2077.39558153127000
2021-04-05,2099.52728872005000
2021-04-06,2116.90126201052000
2021-04-07,1985.39789129164000
2021-04-08,2078.55003594389000
2021-04-09,2066.05360420807000
2021-04-10,2130.18779029807000
2021-04-11,2144.37211630625000
2021-04-12,2142.82890011689000
2021-04-13,2297.89169135009000
2021-04-14,2430.29892869667000
2021-04-15,2519.58225540619000
2021-04-16,2428.35284687317000
2021-04-17,2342.16061426067000
2021-04-18,2243.48254529515000
2021-04-19,2168.62508182350000
2021-04-20,2328.50510870836000
2021-04-21,2363.99523424898000
2021-04-22,2419.70522676797000
2021-04-23,2357.12506639392000
2021-04-24,2236.58652717709000
2021-04-25,2300.55654880187000
2021-04-26,2526.05887901812000
2021-04-27,2646.34933898305000
2021-04-28,2740.23064289889000
2021-04-29,2760.50726008182000
2021-04-30,2770.29005821157000
2021-05-01,2949.31864056107000
2021-05-02,2952.47679661017000
2021-05-03,3430.64827410871000
2021-05-04,3274.89152846289000
2021-05-05,3525.92409964933000
2021-05-06,3500.54310403273000
2021-05-07,3482.63239333723000
2021-05-08,3886.76699649328000
2021-05-09,3916.08141320865000
2021-05-10,3954.28315780245000
2021-05-11,4155.77199766219000
2021-05-12,3975.50227118644000
2021-05-13,3687.15909000585000
2021-05-14,4086.70976446523000
2021-05-15,3672.60174400935000
2021-05-16,3565.84300116891000
2021-05-17,3280.03027819988000
2021-05-18,3368.23962887201000
2021-05-19,2535.73623553478000
2021-05-20,2777.92518293396000
2021-05-21,2413.98438398597000
2021-05-22,2320.84220163647000
2021-05-23,2105.59847983635000
2021-05-24,2626.16846405611000
2021-05-25,2696.58637989480000
2021-05-26,2868.71953185272000
2021-05-27,2743.10334950321000
2021-05-28,2415.30300233781000
2021-05-29,2288.85813150205000
2021-05-30,2391.71209117475000
2021-05-31,2699.21445762712000
2021-06-01,2626.20154821742000
2021-06-02,2713.15986791350000
2021-06-03,2858.60099824664000
2021-06-04,2689.27742548217000
2021-06-05,2604.97053763881000
2021-06-06,2706.09854120397000
2021-06-07,2600.15911221508000
2021-06-08,2519.05763530099000
2021-06-09,2605.63110461718000
2021-06-10,2481.38075686733000
2021-06-11,2345.03141963764000
2021-06-12,2380.84033372297000
2021-06-13,2504.64639216832000
2021-06-14,2577.04473863238000
2021-06-15,2552.74103641146000
2021-06-16,2360.99938690824000
2021-06-17,2368.38859555815000
2021-06-18,2224.57531969608000
2021-06-19,2174.75470251315000
2021-06-20,2242.66345575687000
2021-06-21,1900.39307790766000
2021-06-22,1867.62379953244000
2021-06-23,1962.11004383402000
2021-06-24,1986.66540841613000
2021-06-25,1817.84698246639000
2021-06-26,1801.97627527762000
2021-06-27,1964.52191887785000
2021-06-28,2079.27833594389000
2021-06-29,2169.99023261251000
2021-06-30,2272.26905786090000
2021-07-01,2114.55608357686000
2021-07-02,2149.99972472238000
2021-07-03,2215.90323232028000
2021-07-04,2325.91749795441000
2021-07-05,2218.63208416131000
2021-07-06,2318.10661835184000
2021-07-07,2317.07954471070000
2021-07-08,2118.92433080070000
2021-07-09,2153.77373816482000
2021-07-10,2117.06396727060000
2021-07-11,2140.19288661601000
2021-07-12,2033.03133489188000
2021-07-13,1939.64027293980000
2021-07-14,1992.44202513150000
2021-07-15,1912.87430128580000
2021-07-16,1878.10758737580000
2021-07-17,1896.96612331970000
2021-07-18,1892.68808708358000
2021-07-19,1822.20903623612000
2021-07-20,1785.33395441262000
2021-07-21,1985.49203565167000
2021-07-22,2020.92230333139000
2021-07-23,2112.71626434833000
2021-07-24,2179.33793220339000
2021-07-25,2187.44493687902000
2021-07-26,2241.15922676797000
2021-07-27,2286.22890005845000
2021-07-28,2297.03134436002000
2021-07-29,2384.45420572764000
2021-07-30,2451.30431092928000
2021-07-31,2544.37537592051000
2021-08-01,2563.73753068381000
2021-08-02,2619.04099941555000
2021-08-03,2512.91529164231000
2021-08-04,2727.93425365284000
2021-08-05,2825.53530894214000
2021-08-06,2888.03425540620000
2021-08-07,3143.38030099357000
2021-08-08,3027.34808182350000
2021-08-09,3158.26921624781000
2021-08-10,3141.72382559907000
2021-08-11,3168.56298947984000
2021-08-12,3038.06152659264000
2021-08-13,3316.47894213910000
2021-08-14,3268.96369590883000
2021-08-15,3310.72739333723000
2021-08-16,3157.77383635301000
2021-08-17,3020.57140093513000
2021-08-18,3041.32005961426000
2021-08-19,3173.97182279369000
2021-08-20,3278.21872413793000
2021-08-21,3234.70727819988000
2021-08-22,3245.89347866745000
2021-08-23,3322.63785096435000
2021-08-24,3183.60909175921000
2021-08-25,3228.70326125073000
2021-08-26,3120.59653535944000
2021-08-27,3270.01309877265000
2021-08-28,3242.67174956166000
2021-08-29,3230.91460140269000
2021-08-30,3238.36036382233000
2021-08-31,3431.94775306838000
2021-09-01,3793.82968188194000
2021-09-02,3791.89593600234000
2021-09-03,3918.58263822326000
2021-09-04,3886.23001350088000
2021-09-05,3954.61792343659000
2021-09-06,3928.83401098773000
2021-09-07,3432.84963062537000
2021-09-08,3507.77644915254000
2021-09-09,3432.86342255991000
2021-09-10,3204.17646580947000
2021-09-11,3259.20964196376000
2021-09-12,3417.71937288136000
2021-09-13,3289.54985417884000
2021-09-14,3419.67508416131000
2021-09-15,3591.05804003507000
2021-09-16,3567.72092518995000
2021-09-17,3396.52101694915000
2021-09-18,3425.02434453536000
2021-09-19,3319.99040093513000
2021-09-20,2965.36816510812000
2021-09-21,2745.84817299825000
2021-09-22,3063.72133167738000
2021-09-23,3147.49507422560000
2021-09-24,2932.55932331970000
2021-09-25,2932.49827989480000
2021-09-26,3048.59561689071000
2021-09-27,2952.49630537697000
2021-09-28,2815.59470835769000
2021-09-29,2843.27176943308000
2021-09-30,3001.52751344243000
2021-10-01,3299.44177030976000
2021-10-02,3393.85702828755000
2021-10-03,3420.43901578025000
2021-10-04,3391.62332057276000
2021-10-05,3520.41445382817000
2021-10-06,3588.43408123904000
2021-10-07,3589.30707393337000
2021-10-08,3561.09410490941000
2021-10-09,3579.87203652835000
2021-10-10,3432.00171537113000
2021-10-11,3519.56701022794000
2021-10-12,3491.26025043834000
2021-10-13,3597.56289830509000
2021-10-14,3786.54223734658000
2021-10-15,3861.71246171829000
2021-10-16,3836.76805020456000
2021-10-17,3836.39770426651000
2021-10-18,3746.06606575102000
2021-10-19,3875.04413851549000
2021-10-20,4153.38661163063000
2021-10-21,4065.16743161894000
2021-10-22,3975.54315663355000
2021-10-23,4159.57953886616000
2021-10-24,4076.59357364115000
2021-10-25,4214.41058854471000
2021-10-26,4130.63251782583000
2021-10-27,3947.62192840444000
2021-10-28,4278.77026855640000
2021-10-29,4413.18682086499000
2021-10-30,4311.34383021625000
2021-10-31,4293.96550701344000
2021-11-01,4325.78806049094000
2021-11-02,4586.37950379895000
2021-11-03,4598.85212857978000
2021-11-04,4535.60184395091000
2021-11-05,4476.89731385155000
2021-11-06,4511.64256224430000
2021-11-07,4609.29109146698000
2021-11-08,4811.15646288720000
2021-11-09,4735.69674663939000
2021-11-10,4619.95512857978000
2021-11-11,4727.74631618936000
2021-11-12,4662.76119988311000
2021-11-13,4644.94248684980000
2021-11-14,4609.51656691993000
2021-11-15,4569.40776972531000
2021-11-16,4234.13146493279000
2021-11-17,4265.59900555231000
2021-11-18,3985.67437317358000
2021-11-19,4291.28635008767000
2021-11-20,4413.14425073057000
2021-11-21,4310.08043366452000
2021-11-22,4096.77240122735000
2021-11-23,4348.15622793688000
2021-11-24,4261.96911367621000
2021-11-25,4526.04295119813000
2021-11-26,4052.00856838106000
2021-11-27,4086.92330187025000
2021-11-28,4291.07917124489000
2021-11-29,4448.40999064874000
2021-11-30,4645.05362711864000
2021-12-01,4584.53445119813000
2021-12-02,4527.54475686733000
2021-12-03,4232.93315078901000
2021-12-04,4097.76126125073000
2021-12-05,4190.58069286967000
2021-12-06,4341.94102104033000
2021-12-07,4303.76265166569000
2021-12-08,4427.31263383986000
2021-12-09,4157.28748042081000
2021-12-10,3931.61310549386000
2021-12-11,4079.58498480421000
2021-12-12,4140.98769053185000
2021-12-13,3788.08233664524000
2021-12-14,3850.76330829924000
2021-12-15,4015.64231209819000
2021-12-16,3973.45109526593000
2021-12-17,3885.43008158971000
2021-12-18,3965.87124079486000
2021-12-19,3937.56586236119000
2021-12-20,3939.67427615429000
2021-12-21,4028.99787901812000
2021-12-22,3984.71278784337000
2021-12-23,4101.84956078317000
2021-12-24,4045.16450350672000
2021-12-25,4099.92122180012000
2021-12-26,4070.35206282876000
2021-12-27,4044.38847749854000
2021-12-28,3806.11023553477000
2021-12-29,3638.66337872589000
2021-12-30,3708.03733518410000
2021-12-31,3686.95179187610000
2022-01-01,3761.05964026885000
2022-01-02,3832.36560987726000
2022-01-03,3765.44034950322000
2022-01-04,3796.64046078317000
2022-01-05,3545.75825844535000
2022-01-06,3413.23750263004000
2022-01-07,3190.12681209819000
2022-01-08,3092.88001665693000
2022-01-09,3154.84015575687000
2022-01-10,3079.86577586207000
2022-01-11,3241.95426534191000
2022-01-12,3372.84781005260000
2022-01-13,3253.07153477499000
2022-01-14,3308.71572647575000
2022-01-15,3334.44671624781000
2022-01-16,3356.33249970777000
2022-01-17,3211.12031502046000
2022-01-18,3165.79673085915000
2022-01-19,3105.41949795441000
2022-01-20,3011.87563880772000
2022-01-21,2565.05564845120000
2022-01-22,2400.82875043834000
2022-01-23,2533.49403682057000
2022-01-24,2439.12303068381000
2022-01-25,2458.38200011689000
2022-01-26,2467.10777206312000
2022-01-27,2412.62447048510000
2022-01-28,2545.54989713618000
2022-01-29,2593.19728784337000
2022-01-30,2610.55529894798000
2022-01-31,2686.26782933957000
2022-02-01,2795.57815283460000
2022-02-02,2686.64838047925000
2022-02-03,2670.65337931034000
2022-02-04,2969.93218322618000
2022-02-05,3017.60991642314000
2022-02-06,3049.37219111631000
2022-02-07,3145.37367592051000
2022-02-08,3126.63435172414000
2022-02-09,3241.72396054939000
2022-02-10,3080.56548188194000
2022-02-11,2924.08046814728000
2022-02-12,2910.83617533606000
2022-02-13,2880.69652571596000
2022-02-14,2936.29826037405000
2022-02-15,3175.25821507890000
2022-02-16,3140.52647866745000
2022-02-17,2887.98329310345000
2022-02-18,2784.71829456458000
2022-02-19,2757.59524547049000
2022-02-20,2636.38894248977000
2022-02-21,2578.87216978375000
2022-02-22,2636.22923874927000
2022-02-23,2591.79215108124000
2022-02-24,2594.05176271187000
2022-02-25,2788.59007977791000
2022-02-26,2777.68419199299000
2022-02-27,2614.48211922852000
2022-02-28,2914.46506487434000
2022-03-01,2969.53468030392000
2022-03-02,2954.65685739334000
2022-03-03,2836.95393191116000
2022-03-04,2617.82250379895000
2022-03-05,2662.88603331385000
2022-03-06,2557.90416393922000
2022-03-07,2501.00067124489000
2022-03-08,2577.76486323787000
2022-03-09,2726.97127615430000
2022-03-10,2611.41140765634000
2022-03-11,2562.60697486850000
2022-03-12,2578.18213267095000
2022-03-13,2516.49195207481000
2022-03-14,2589.37761689071000
2022-03-15,2621.23701899474000
2022-03-16,2768.91552717709000
2022-03-17,2816.07112390415000
2022-03-18,2945.90649006429000
2022-03-19,2948.82827971946000
2022-03-20,2861.81527405026000
2022-03-21,2898.31257539451000
2022-03-22,2976.63482524839000
2022-03-23,3021.12716715371000
2022-03-24,3110.07358153127000
2022-03-25,3104.45554324956000
2022-03-26,3145.64074167154000
2022-03-27,3288.73951139684000
2022-03-28,3346.48037200468000
2022-03-29,3398.67210052601000
2022-03-30,3389.04939859731000
2022-03-31,3281.78751081239000
2022-04-01,3446.51983682057000
2022-04-02,3451.96555774401000
2022-04-03,3521.53255113968000
2022-04-04,3525.40589713618000
2022-04-05,3425.35487270602000
2022-04-06,3183.70336908241000
2022-04-07,3238.18884687317000
2022-04-08,3185.76596639392000
2022-04-09,3257.96308474576000
2022-04-10,3218.13177615430000
2022-04-11,2985.29867796610000
2022-04-12,3027.95501139684000
2022-04-13,3118.53925920514000
2022-04-14,3019.78703097604000
2022-04-15,3039.32726592636000
2022-04-16,3065.65542343659000
2022-04-17,2996.52688457043000
2022-04-18,3058.24911367621000
2022-04-19,3104.38072004676000
2022-04-20,3078.53693571011000
2022-04-21,2984.30083985973000
2022-04-22,2963.93688515488000
2022-04-23,2941.41439567504000
2022-04-24,2924.17223728813000
2022-04-25,3012.21527732320000
2022-04-26,2801.38247457627000
2022-04-27,2886.84557685564000
2022-04-28,2934.09959088252000
2022-04-29,2815.62725832846000
2022-04-30,2729.73245441262000
2022-05-01,2829.09136440678000
2022-05-02,2861.52780946815000
2022-05-03,2780.92367007598000
2022-05-04,2936.76534658095000
2022-05-05,2746.63528112215000
2022-05-06,2697.48142811221000
2022-05-07,2636.53088603156000
2022-05-08,2519.63678281707000
2022-05-09,2257.95058188194000
2022-05-10,2342.92739614261000
2022-05-11,2068.27522092344000
2022-05-12,1958.45345850380000
2022-05-13,2016.05178404442000
2022-05-14,2053.09169362946000
2022-05-15,2138.96401139684000
2022-05-16,2022.61946464056000
2022-05-17,2092.88074547048000
2022-05-18,1921.00792752776000
2022-05-19,2016.37226154296000
2022-05-20,1962.03072969024000
2022-05-21,1973.77449105786000
2022-05-22,2044.56454897721000
2022-05-23,1970.62047516072000
2022-05-24,1977.80444576271000
2022-05-25,1944.32836265342000
2022-05-26,1807.68160239626000
2022-05-27,1721.27814289889000
